{
  "slope": 3.7964192997004744,
  "intercept": -13.520372747012896
}